node1,node2,node_types,weight,min_type
0,4,"(0, 0)",0.05770441924150231,0
0,11,"(0, 1)",0.3315917520083981,0
0,14,"(0, 0)",0.17010094062056447,0
0,15,"(0, 0)",0.21443201719892577,0
0,22,"(0, 0)",0.25524327611124464,0
0,108,"(0, 0)",0.44474446595770195,0
0,110,"(0, 0)",0.41786478674326727,0
0,121,"(0, 0)",0.42373063377574155,0
0,126,"(0, 0)",0.3547549717762855,0
0,127,"(0, 0)",0.16961303015982773,0
0,132,"(0, 0)",0.3827966170174425,0
0,134,"(0, 0)",0.26715688274868815,0
0,135,"(0, 0)",0.42425903643881346,0
0,141,"(0, 0)",0.1351386325223033,0
0,156,"(0, 0)",0.3620785550125831,0
0,159,"(0, 0)",0.4554923599798342,0
0,161,"(0, 0)",0.45970203393067266,0
0,162,"(0, 0)",0.4663510480314202,0
1,2,"(1, 0)",0.40407822262526644,0
1,5,"(1, 0)",0.0731861325662164,0
1,8,"(1, 0)",0.23751221021244434,0
1,12,"(1, 0)",0.1334844185663579,0
1,20,"(1, 0)",0.2923526124391517,0
1,25,"(1, 1)",0.6037002236209632,1
1,32,"(1, 0)",0.43290026565018075,0
1,49,"(1, 1)",1.1060142946634985,1
1,51,"(1, 1)",1.3398288920604737,1
1,90,"(1, 1)",0.9047171325889678,1
1,109,"(1, 0)",0.4876564774510839,0
1,112,"(1, 1)",1.3795500498350928,1
1,123,"(1, 2)",0.8422564039531018,1
1,138,"(1, 1)",1.6319350630463245,1
1,147,"(1, 1)",1.8925736815247116,1
1,152,"(1, 1)",0.922499024389733,1
1,164,"(1, 1)",1.8230500953073125,1
1,173,"(1, 1)",1.189373793220619,1
1,177,"(1, 1)",1.1843168241648838,1
1,196,"(1, 0)",0.3268426532752454,0
1,205,"(1, 0)",0.24190130218748812,0
2,5,"(0, 0)",0.3495566334658727,0
2,8,"(0, 0)",0.19540854638422825,0
2,12,"(0, 0)",0.3917919856250201,0
2,140,"(0, 0)",0.49600698583790803,0
2,205,"(0, 0)",0.4711093822033193,0
3,9,"(1, 0)",0.26027112786476914,0
3,11,"(1, 1)",1.1699217238772777,1
3,13,"(1, 0)",0.4230011820314443,0
3,18,"(1, 0)",0.4520540343808484,0
3,24,"(1, 2)",0.820283615586706,1
3,26,"(1, 0)",0.3867348574928262,0
3,28,"(1, 1)",1.995226515962532,1
3,86,"(1, 1)",1.1003745953083441,1
3,119,"(1, 0)",0.33463738583727015,0
3,128,"(1, 0)",0.2477907383257084,0
3,135,"(1, 0)",0.45912272869027615,0
3,160,"(1, 0)",0.4757939049630625,0
3,163,"(1, 1)",0.8610829460626808,1
4,11,"(0, 1)",0.35276599892845706,0
4,14,"(0, 0)",0.11473730866637018,0
4,15,"(0, 0)",0.21462900549552383,0
4,22,"(0, 0)",0.2158258788931506,0
4,108,"(0, 0)",0.48805581648004154,0
4,110,"(0, 0)",0.45342520882720644,0
4,121,"(0, 0)",0.4148669304728902,0
4,126,"(0, 0)",0.3430569194754689,0
4,127,"(0, 0)",0.1937241853770438,0
4,132,"(0, 0)",0.36128970370051333,0
4,134,"(0, 0)",0.25124689052802285,0
4,135,"(0, 0)",0.39879489715892547,0
4,141,"(0, 0)",0.1132837587653257,0
4,156,"(0, 0)",0.30462757590212586,0
4,159,"(0, 0)",0.39785983712861145,0
4,161,"(0, 0)",0.43876854946542654,0
4,162,"(0, 0)",0.4230986882513408,0
4,163,"(0, 1)",0.4631366644954859,0
5,8,"(0, 0)",0.17014940493578062,0
5,12,"(0, 0)",0.0869174320835581,0
5,20,"(0, 0)",0.30568428157168676,0
5,32,"(0, 0)",0.4149157143324412,0
5,196,"(0, 0)",0.39669062252591936,0
5,205,"(0, 0)",0.2929441072969393,0
6,10,"(0, 0)",0.2055261540534355,0
6,11,"(0, 1)",0.3197699172842975,0
6,15,"(0, 0)",0.482491243443862,0
7,13,"(0, 0)",0.23167429723645191,0
7,18,"(0, 0)",0.24183161497207586,0
7,19,"(0, 0)",0.13096106291566514,0
7,23,"(0, 0)",0.19026184588613695,0
7,24,"(0, 2)",0.2573006995715247,0
7,160,"(0, 0)",0.47067341118869094,0
7,192,"(0, 0)",0.3566649127682672,0
7,204,"(0, 0)",0.4990334357535527,0
8,12,"(0, 0)",0.19735962099680146,0
8,20,"(0, 0)",0.44231637998156575,0
8,32,"(0, 0)",0.4948453596832034,0
8,205,"(0, 0)",0.39037357748700324,0
9,26,"(0, 0)",0.20311989070497039,0
9,115,"(0, 0)",0.45675632453202225,0
9,119,"(0, 0)",0.33668976818430496,0
9,121,"(0, 0)",0.38511351573270663,0
9,126,"(0, 0)",0.3824923005761087,0
9,128,"(0, 0)",0.24410491596852346,0
9,132,"(0, 0)",0.3148071473140369,0
9,134,"(0, 0)",0.40586708415441075,0
9,135,"(0, 0)",0.26898494381657045,0
9,141,"(0, 0)",0.492521207665219,0
9,156,"(0, 0)",0.38350704035258365,0
9,159,"(0, 0)",0.41811177931266014,0
11,14,"(1, 0)",0.382039395874295,0
11,15,"(1, 0)",0.1628566240593183,0
11,22,"(1, 0)",0.3217190389143896,0
11,24,"(1, 2)",1.9505245166364795,1
11,86,"(1, 1)",0.9849985837553281,1
11,127,"(1, 0)",0.48269150603671707,0
11,141,"(1, 0)",0.46241128878952836,0
11,161,"(1, 0)",0.30556212134359423,0
11,162,"(1, 0)",0.4595006528831024,0
11,163,"(1, 1)",0.5707166372202567,1
12,20,"(0, 0)",0.24556628433072217,0
12,31,"(0, 0)",0.46229663637106044,0
12,32,"(0, 0)",0.33094067444180914,0
12,196,"(0, 0)",0.4558034335105405,0
12,205,"(0, 0)",0.3725293679698285,0
13,18,"(0, 0)",0.053481305144882446,0
13,19,"(0, 0)",0.19974008110541824,0
13,23,"(0, 0)",0.2242718216807423,0
13,24,"(0, 2)",0.3976378880338243,0
13,160,"(0, 0)",0.2826136585517344,0
14,15,"(0, 0)",0.22111286710637182,0
14,22,"(0, 0)",0.13362230352751453,0
14,121,"(0, 0)",0.45838771798554645,0
14,126,"(0, 0)",0.3854872241722116,0
14,127,"(0, 0)",0.29341535406314617,0
14,132,"(0, 0)",0.3835222288212278,0
14,134,"(0, 0)",0.2942357048354247,0
14,135,"(0, 0)",0.41017296351660526,0
14,141,"(0, 0)",0.17569615818224768,0
14,156,"(0, 0)",0.20755522156765868,0
14,159,"(0, 0)",0.2900663717151618,0
14,161,"(0, 0)",0.3793633218960346,0
14,162,"(0, 0)",0.32161102282104786,0
14,163,"(0, 1)",0.3499690557749325,0
15,22,"(0, 0)",0.16695610201487507,0
15,127,"(0, 0)",0.38298575691531567,0
15,134,"(0, 0)",0.46581606885120996,0
15,141,"(0, 0)",0.3278931533289431,0
15,156,"(0, 0)",0.4123261936865052,0
15,159,"(0, 0)",0.46779640870789085,0
15,161,"(0, 0)",0.2624889521484646,0
15,162,"(0, 0)",0.3437987929007357,0
15,163,"(0, 1)",0.4375053828240327,0
16,17,"(0, 0)",0.42125428187734343,0
16,21,"(0, 0)",0.4514028909965017,0
16,25,"(0, 1)",0.44506131038318947,0
16,27,"(0, 0)",0.26733484621351017,0
16,29,"(0, 0)",0.19031663090755174,0
16,30,"(0, 0)",0.2906362847271501,0
16,33,"(0, 0)",0.2615578329930152,0
16,34,"(0, 0)",0.4702776732952601,0
16,38,"(0, 0)",0.4136058510224406,0
16,39,"(0, 0)",0.4013625418496374,0
16,117,"(0, 0)",0.4635955672781992,0
16,118,"(0, 0)",0.4752217377182929,0
16,123,"(0, 2)",0.38439430276735176,0
16,136,"(0, 0)",0.4748989366170446,0
16,137,"(0, 0)",0.23884375646015688,0
16,149,"(0, 0)",0.469716893458173,0
16,150,"(0, 0)",0.09686635122682893,0
16,152,"(0, 1)",0.06806173668074526,0
17,21,"(0, 0)",0.05822782839845658,0
17,27,"(0, 0)",0.23072947362658017,0
17,29,"(0, 0)",0.3783000000000003,0
17,30,"(0, 0)",0.262152207696209,0
17,33,"(0, 0)",0.40872451602515614,0
17,34,"(0, 0)",0.24977754102400807,0
17,36,"(0, 0)",0.295783197629613,0
17,38,"(0, 0)",0.36528445080512184,0
17,118,"(0, 0)",0.47789079296424597,0
17,120,"(0, 0)",0.42959894087392697,0
17,136,"(0, 0)",0.25989915351920545,0
17,137,"(0, 0)",0.4675562533000654,0
17,138,"(0, 1)",0.3342248494651495,0
17,146,"(0, 0)",0.15480465109292155,0
17,150,"(0, 0)",0.4778627627258616,0
17,152,"(0, 1)",0.47751775883205844,0
18,19,"(0, 0)",0.17924689676532207,0
18,23,"(0, 0)",0.1904205871222907,0
18,24,"(0, 2)",0.37098940685685167,0
18,160,"(0, 0)",0.24251707156403954,0
19,23,"(0, 0)",0.06029999999999802,0
19,24,"(0, 2)",0.19862731433516606,0
19,160,"(0, 0)",0.3677487457490401,0
19,192,"(0, 0)",0.465117125034117,0
20,25,"(0, 1)",0.3415042166650409,0
20,31,"(0, 0)",0.227309172714172,0
20,32,"(0, 0)",0.19745685604708604,0
20,35,"(0, 0)",0.28864400218955494,0
20,129,"(0, 0)",0.47311069529233896,0
20,149,"(0, 0)",0.3330577127165838,0
20,196,"(0, 0)",0.49393733408196105,0
20,205,"(0, 0)",0.4994212750774653,0
21,27,"(0, 0)",0.23082437046377946,0
21,29,"(0, 0)",0.3837539446051373,0
21,30,"(0, 0)",0.25332086372819373,0
21,33,"(0, 0)",0.4038881156954247,0
21,34,"(0, 0)",0.20339346105516848,0
21,36,"(0, 0)",0.24326286194156133,0
21,38,"(0, 0)",0.33518086162548383,0
21,120,"(0, 0)",0.47289179523438296,0
21,136,"(0, 0)",0.3144044687977557,0
21,138,"(0, 1)",0.3558029370311592,0
21,146,"(0, 0)",0.19167159413955992,0
22,127,"(0, 0)",0.40916408688935485,0
22,134,"(0, 0)",0.42778126419935253,0
22,141,"(0, 0)",0.3046119170354307,0
22,156,"(0, 0)",0.2645170126853829,0
22,159,"(0, 0)",0.30447190346565256,0
22,161,"(0, 0)",0.24705394147837004,0
22,162,"(0, 0)",0.2118461942070256,0
22,163,"(0, 1)",0.2800915921622774,0
23,24,"(0, 2)",0.18339536526314276,0
23,160,"(0, 0)",0.3384526702509426,0
24,28,"(2, 1)",1.1947127855681416,1
24,46,"(2, 1)",1.4962414577868135,1
24,58,"(2, 2)",2.623730216695309,2
24,86,"(2, 1)",1.8647346728154093,1
24,89,"(2, 2)",1.8973797959291143,2
24,91,"(2, 1)",1.8043928286268505,1
24,123,"(2, 2)",4.384142490841286,2
24,147,"(2, 1)",1.6612888520663684,1
24,163,"(2, 1)",1.5179745221840784,1
24,164,"(2, 1)",1.803299021238571,1
24,192,"(2, 0)",0.44356971267208406,0
25,31,"(1, 0)",0.1948621307489016,0
25,32,"(1, 0)",0.40205198668828657,0
25,35,"(1, 0)",0.23060756709179978,0
25,39,"(1, 0)",0.3294075287542733,0
25,49,"(1, 1)",0.9960474386293046,1
25,51,"(1, 1)",1.0092356018294186,1
25,90,"(1, 1)",0.97058121247014,1
25,112,"(1, 1)",1.974261750629843,1
25,122,"(1, 0)",0.47674665179737025,0
25,123,"(1, 2)",0.5458444558663278,1
25,129,"(1, 0)",0.4070908498111975,0
25,138,"(1, 1)",1.1431276087996505,1
25,149,"(1, 0)",0.20089810850279155,0
25,150,"(1, 0)",0.430900104432575,0
25,152,"(1, 1)",0.4074372712455293,1
25,173,"(1, 1)",1.4857333071584569,1
25,177,"(1, 1)",1.3765489965853006,1
25,198,"(1, 0)",0.3685160105070032,0
26,128,"(0, 0)",0.4459489881141091,0
26,132,"(0, 0)",0.4593737149641933,0
26,135,"(0, 0)",0.42372610257099286,0
26,156,"(0, 0)",0.33536237117482565,0
26,159,"(0, 0)",0.31389719654689874,0
26,163,"(0, 1)",0.491049498523313,0
26,165,"(0, 0)",0.3931851090771357,0
27,29,"(0, 0)",0.15342913673745634,0
27,30,"(0, 0)",0.04629092783688367,0
27,33,"(0, 0)",0.17822598014879903,0
27,34,"(0, 0)",0.20342509678011836,0
27,36,"(0, 0)",0.2685255481327604,0
27,38,"(0, 0)",0.1944165630804084,0
27,39,"(0, 0)",0.4781094539956318,0
27,136,"(0, 0)",0.42494296087828237,0
27,137,"(0, 0)",0.42753023284909364,0
27,146,"(0, 0)",0.3772984097501633,0
27,150,"(0, 0)",0.3547086832881305,0
27,152,"(0, 1)",0.3349815517308337,0
28,37,"(1, 0)",0.3673694734187829,0
28,40,"(1, 0)",0.31008813263327933,0
28,41,"(1, 0)",0.406961816390674,0
28,42,"(1, 0)",0.44370018030195907,0
28,46,"(1, 1)",0.7341758508695294,1
28,58,"(1, 2)",1.9334375319621788,1
28,89,"(1, 2)",1.1025222219982729,1
28,91,"(1, 1)",1.0477961824706226,1
28,112,"(1, 1)",1.2194530782281043,1
28,142,"(1, 0)",0.47200211863931374,0
28,143,"(1, 0)",0.3988496583927385,0
28,145,"(1, 0)",0.45389228898495804,0
28,147,"(1, 1)",0.5178414911920475,1
28,153,"(1, 0)",0.32382800990650057,0
28,154,"(1, 0)",0.2826497656110913,0
28,155,"(1, 0)",0.34858469559061017,0
28,157,"(1, 0)",0.32854407619071,0
28,158,"(1, 0)",0.3635021457983429,0
28,164,"(1, 1)",0.6263855043022634,1
28,173,"(1, 1)",1.6014931189362023,1
28,177,"(1, 1)",1.843818746514962,1
29,30,"(0, 0)",0.14576230651304062,0
29,33,"(0, 0)",0.07401216116287851,0
29,34,"(0, 0)",0.32480235528703166,0
29,36,"(0, 0)",0.38295974984324715,0
29,38,"(0, 0)",0.23087247562236077,0
29,39,"(0, 0)",0.33028752625553126,0
29,137,"(0, 0)",0.41410964731578204,0
29,150,"(0, 0)",0.28698789173064443,0
29,152,"(0, 1)",0.2528049445718929,0
29,198,"(0, 0)",0.473765680479278,0
30,33,"(0, 0)",0.1508318600296415,0
30,34,"(0, 0)",0.18371684734939364,0
30,36,"(0, 0)",0.24598569064073583,0
30,38,"(0, 0)",0.14913165324638453,0
30,39,"(0, 0)",0.45596326606427967,0
30,136,"(0, 0)",0.4688770094598335,0
30,137,"(0, 0)",0.4667907989667295,0
30,146,"(0, 0)",0.41303396954729793,0
30,150,"(0, 0)",0.3824059622966129,0
30,152,"(0, 1)",0.3586871199248679,0
31,32,"(0, 0)",0.2128150605572758,0
31,35,"(0, 0)",0.07325639903789886,0
31,39,"(0, 0)",0.4257820216965505,0
31,149,"(0, 0)",0.32367406445373753,0
31,171,"(0, 0)",0.43612938447208044,0
31,198,"(0, 0)",0.3928438366577775,0
32,35,"(0, 0)",0.22375041899402298,0
32,149,"(0, 0)",0.47897479056835307,0
32,166,"(0, 0)",0.3695665028110649,0
32,167,"(0, 0)",0.45340158799898134,0
32,169,"(0, 0)",0.35105295896773225,0
32,171,"(0, 0)",0.4017286273095304,0
33,34,"(0, 0)",0.3055682084248974,0
33,36,"(0, 0)",0.35618985106260553,0
33,38,"(0, 0)",0.18097099215066897,0
33,39,"(0, 0)",0.3055324041734376,0
33,137,"(0, 0)",0.48810265313763773,0
33,150,"(0, 0)",0.35742855230101667,0
33,152,"(0, 1)",0.32116553364269634,0
33,198,"(0, 0)",0.4407909708694096,0
34,36,"(0, 0)",0.0657683814610004,0
34,38,"(0, 0)",0.1629200110483733,0
34,146,"(0, 0)",0.39502164497657716,0
35,39,"(0, 0)",0.39674113726710614,0
35,149,"(0, 0)",0.38653175807428636,0
35,169,"(0, 0)",0.4718713066080625,0
35,171,"(0, 0)",0.3694811767871262,0
35,198,"(0, 0)",0.3417580723260235,0
36,38,"(0, 0)",0.19328944616818372,0
36,146,"(0, 0)",0.4311658845502486,0
37,40,"(0, 0)",0.16278335295723612,0
37,41,"(0, 0)",0.14989012642598976,0
37,42,"(0, 0)",0.18534211609884832,0
38,39,"(0, 0)",0.4483443431114047,0
38,152,"(0, 1)",0.47964090734630843,0
39,150,"(0, 0)",0.45858148676107835,0
39,152,"(0, 1)",0.41649673468107545,0
39,198,"(0, 0)",0.1472834342348077,0
40,41,"(0, 0)",0.10088215897769688,0
40,42,"(0, 0)",0.1342035767034539,0
40,43,"(0, 0)",0.4422872595949334,0
40,44,"(0, 0)",0.453744796113408,0
40,45,"(0, 0)",0.43402488407924805,0
41,42,"(0, 0)",0.041483611221778606,0
41,43,"(0, 0)",0.4923984260738447,0
41,44,"(0, 0)",0.4588791235172922,0
41,45,"(0, 0)",0.3868294843984922,0
42,43,"(0, 0)",0.48830762844747105,0
42,44,"(0, 0)",0.43713094148091935,0
42,45,"(0, 0)",0.34982378421142757,0
43,44,"(0, 0)",0.2147468276832082,0
43,45,"(0, 0)",0.42635095871827994,0
43,46,"(0, 1)",0.282654647936306,0
43,158,"(0, 0)",0.4770758011050217,0
43,164,"(0, 1)",0.4710352959174082,0
43,199,"(0, 0)",0.35830180016293917,0
43,203,"(0, 0)",0.4347740217630292,0
44,45,"(0, 0)",0.23443928851622872,0
44,46,"(0, 1)",0.09626634926078494,0
44,50,"(0, 0)",0.49380970018823206,0
44,203,"(0, 0)",0.3987569811301152,0
45,46,"(0, 1)",0.2540171844580572,0
45,50,"(0, 0)",0.29000689646971967,0
46,50,"(1, 0)",0.46701949638104073,0
46,58,"(1, 2)",1.2287936563963862,1
46,59,"(1, 1)",1.5764350478215066,1
46,89,"(1, 2)",1.7757262542407806,1
46,91,"(1, 1)",1.7380720640986091,1
46,112,"(1, 1)",1.6800044434464974,1
46,147,"(1, 1)",1.0433833092397031,1
46,164,"(1, 1)",0.7285852180767833,1
46,173,"(1, 1)",1.4286978161948665,1
46,177,"(1, 1)",1.6171279262940152,1
46,203,"(1, 0)",0.33316062192281953,0
47,48,"(0, 0)",0.3149811740406064,0
47,51,"(0, 1)",0.2765645132695003,0
47,171,"(0, 0)",0.4099971951123643,0
47,178,"(0, 0)",0.35615335180227853,0
47,198,"(0, 0)",0.4455671666539231,0
48,49,"(0, 1)",0.27417901086699314,0
48,51,"(0, 1)",0.2379370715126157,0
48,52,"(0, 0)",0.27491425936098596,0
48,53,"(0, 0)",0.3118911508844054,0
48,169,"(0, 0)",0.4616310756437505,0
48,171,"(0, 0)",0.2972000672947471,0
48,178,"(0, 0)",0.0830939829349909,0
49,51,"(1, 1)",0.4535180261026094,1
49,52,"(1, 0)",0.22700066079198675,0
49,53,"(1, 0)",0.34064204085814215,0
49,58,"(1, 2)",1.94915686900772,1
49,59,"(1, 1)",1.5272332925915386,1
49,71,"(1, 1)",1.724569673860694,1
49,90,"(1, 1)",1.8952483135462768,1
49,112,"(1, 1)",1.9740764929454977,1
49,123,"(1, 2)",1.5416140664900597,1
49,152,"(1, 1)",1.3522702725417008,1
49,164,"(1, 1)",1.835197158345664,1
49,166,"(1, 0)",0.47792938808991475,0
49,167,"(1, 0)",0.4693643574026431,0
49,169,"(1, 0)",0.3920399979593949,0
49,171,"(1, 0)",0.4162220200806291,0
49,173,"(1, 1)",0.860423174955207,1
49,174,"(1, 0)",0.2934043796537382,0
49,175,"(1, 0)",0.3023378573715192,0
49,177,"(1, 1)",0.6284722110006128,1
49,178,"(1, 0)",0.2494058940763108,0
50,201,"(0, 0)",0.42502076419864676,0
51,52,"(1, 0)",0.31588051538517836,0
51,53,"(1, 0)",0.25716687189450343,0
51,59,"(1, 1)",1.7659974773481477,1
51,71,"(1, 1)",1.813736706360656,1
51,90,"(1, 1)",1.978052297084178,1
51,123,"(1, 2)",1.5245112561080023,1
51,138,"(1, 1)",1.8094534893165888,1
51,152,"(1, 1)",1.261112576259544,1
51,173,"(1, 1)",1.3129655593350569,1
51,177,"(1, 1)",1.0757419021308112,1
51,178,"(1, 0)",0.3203326083932155,0
52,53,"(0, 0)",0.11723864550565538,0
52,178,"(0, 0)",0.31672840099997623,0
53,178,"(0, 0)",0.3751724136980253,0
54,56,"(0, 0)",0.19167297670771735,0
54,58,"(0, 2)",0.3480407447411846,0
54,59,"(0, 1)",0.2538059297967632,0
54,60,"(0, 0)",0.18138811978737487,0
54,64,"(0, 0)",0.4036474699536702,0
54,67,"(0, 0)",0.4757009564842181,0
54,180,"(0, 0)",0.40766708231104287,0
54,181,"(0, 0)",0.3624037803334823,0
54,182,"(0, 0)",0.2624824946544055,0
54,184,"(0, 0)",0.13940821353133684,0
55,56,"(0, 0)",0.4818082294855589,0
55,57,"(0, 0)",0.06397319751270956,0
55,58,"(0, 2)",0.3419997953215796,0
55,63,"(0, 0)",0.3301496630317796,0
56,57,"(0, 0)",0.48839174849705586,0
56,58,"(0, 2)",0.1563785471220449,0
56,59,"(0, 1)",0.4031183449062995,0
56,60,"(0, 0)",0.24604714995300453,0
56,63,"(0, 0)",0.4199334352013536,0
56,64,"(0, 0)",0.45826438875391096,0
56,67,"(0, 0)",0.45543250872110475,0
56,181,"(0, 0)",0.4865972153639948,0
56,182,"(0, 0)",0.39512647342337687,0
56,184,"(0, 0)",0.24240763189305164,0
57,58,"(0, 2)",0.3393267599232398,0
57,63,"(0, 0)",0.2789234482792689,0
58,59,"(2, 1)",0.5458191367110513,1
58,60,"(2, 0)",0.37201969033909654,0
58,63,"(2, 0)",0.278419431793119,0
58,67,"(2, 0)",0.498687316862981,0
58,71,"(2, 1)",1.043574175609959,1
58,89,"(2, 2)",2.8398066201768017,2
58,123,"(2, 2)",3.404810116585066,2
58,164,"(2, 1)",1.617225899495801,1
58,173,"(2, 1)",1.5301880734079656,1
58,177,"(2, 1)",1.5333651945965086,1
58,184,"(2, 0)",0.38023373074991595,0
58,187,"(2, 1)",0.9434329281936277,1
59,60,"(1, 0)",0.18457497121766064,0
59,64,"(1, 0)",0.24503397723581133,0
59,65,"(1, 0)",0.3909601130550284,0
59,66,"(1, 0)",0.3388717308953314,0
59,67,"(1, 0)",0.39830602556326045,0
59,68,"(1, 0)",0.461399804941439,0
59,71,"(1, 1)",0.6170783823794206,1
59,164,"(1, 1)",1.7519444055106341,1
59,173,"(1, 1)",1.3347624095695805,1
59,177,"(1, 1)",1.251007645859928,1
59,182,"(1, 0)",0.42498584682316176,0
59,184,"(1, 0)",0.36952902457045916,0
59,185,"(1, 0)",0.3262580880223462,0
59,187,"(1, 1)",0.7886095358287276,1
60,64,"(0, 0)",0.2286120075586598,0
60,66,"(0, 0)",0.43371678547180914,0
60,67,"(0, 0)",0.2989415494707976,0
60,70,"(0, 0)",0.4653112936518944,0
60,182,"(0, 0)",0.43555836577891405,0
60,184,"(0, 0)",0.32052609878135613,0
61,62,"(0, 0)",0.1643785874133349,0
62,65,"(0, 0)",0.33944980483128423,0
62,66,"(0, 0)",0.43426288121366896,0
62,68,"(0, 0)",0.4195503545463832,0
62,69,"(0, 0)",0.3743851626333453,0
62,71,"(0, 1)",0.43992373202635093,0
62,185,"(0, 0)",0.41611471975887154,0
63,70,"(0, 0)",0.44506724211067505,0
63,73,"(0, 0)",0.4041313771535209,0
64,65,"(0, 0)",0.33825259792054996,0
64,66,"(0, 0)",0.24319539469323737,0
64,67,"(0, 0)",0.17923314425630124,0
64,68,"(0, 0)",0.3446271173311809,0
64,69,"(0, 0)",0.4502348276177699,0
64,70,"(0, 0)",0.391093556582052,0
64,71,"(0, 1)",0.4923140664250866,0
64,72,"(0, 0)",0.3980305641530553,0
65,66,"(0, 0)",0.09881912770309391,0
65,67,"(0, 0)",0.48689869582902123,0
65,68,"(0, 0)",0.11365179277072374,0
65,69,"(0, 0)",0.16506683494875782,0
65,71,"(0, 1)",0.2420417319389364,0
65,185,"(0, 0)",0.43566456133130754,0
66,67,"(0, 0)",0.3880913809916421,0
66,68,"(0, 0)",0.12280492661127325,0
66,69,"(0, 0)",0.21918074732969198,0
66,71,"(0, 1)",0.27934985233574583,0
66,185,"(0, 0)",0.4597908328794706,0
67,68,"(0, 0)",0.45945847472867446,0
67,70,"(0, 0)",0.2118613933683983,0
67,72,"(0, 0)",0.22352165443195796,0
67,73,"(0, 0)",0.4407751467585228,0
67,74,"(0, 0)",0.3838333492545943,0
67,75,"(0, 0)",0.38035253384196316,0
67,186,"(0, 0)",0.3876117258288236,0
67,187,"(0, 1)",0.46768815465008395,0
67,188,"(0, 0)",0.4733393074740379,0
68,69,"(0, 0)",0.1059587183765489,0
68,71,"(0, 1)",0.15675525509532828,0
69,71,"(0, 1)",0.08195864810988282,0
70,72,"(0, 0)",0.06692817045161444,0
70,73,"(0, 0)",0.23036445038243059,0
70,74,"(0, 0)",0.2126948283339328,0
70,75,"(0, 0)",0.24575923176963554,0
70,186,"(0, 0)",0.29723475570666535,0
70,187,"(0, 1)",0.4514343363103905,0
70,188,"(0, 0)",0.38781316377864433,0
70,189,"(0, 0)",0.46439471357887335,0
71,173,"(1, 1)",1.8075052973642944,1
71,177,"(1, 1)",1.6592257109869029,1
71,187,"(1, 1)",0.5017912414540584,1
72,73,"(0, 0)",0.24876559247612862,0
72,74,"(0, 0)",0.16535552606429574,0
72,75,"(0, 0)",0.1848483161946581,0
72,186,"(0, 0)",0.23087052648616613,0
72,187,"(0, 1)",0.3857493745944385,0
72,188,"(0, 0)",0.3218519690789536,0
72,189,"(0, 0)",0.42673430844027727,0
73,74,"(0, 0)",0.22170045105953276,0
73,75,"(0, 0)",0.2968633692458499,0
73,186,"(0, 0)",0.380887069877673,0
73,188,"(0, 0)",0.44833644732499384,0
73,189,"(0, 0)",0.345842290647055,0
74,75,"(0, 0)",0.07586705477346076,0
74,186,"(0, 0)",0.16105480433690764,0
74,187,"(0, 1)",0.34864143471480813,0
74,188,"(0, 0)",0.22758826859044878,0
74,189,"(0, 0)",0.2632213137266835,0
74,190,"(0, 0)",0.49777429624278857,0
75,186,"(0, 0)",0.08531600084392509,0
75,187,"(0, 1)",0.27286597442701144,0
75,188,"(0, 0)",0.15634324417767456,0
75,189,"(0, 0)",0.284475464671382,0
75,190,"(0, 0)",0.4287240837648445,0
76,80,"(0, 0)",0.22565788264538728,0
76,87,"(0, 0)",0.41218034887654953,0
76,89,"(0, 2)",0.4363017304572593,0
76,91,"(0, 1)",0.4393860830750064,0
76,210,"(0, 0)",0.4792452086354077,0
77,79,"(0, 0)",0.07698421916210654,0
77,81,"(0, 0)",0.24835667899212882,0
77,90,"(0, 1)",0.3989751871984025,0
77,96,"(0, 0)",0.4586592635061451,0
77,99,"(0, 0)",0.47963913518394447,0
77,102,"(0, 0)",0.46627765333543597,0
77,197,"(0, 0)",0.15862061656670096,0
78,86,"(0, 1)",0.23513113362546853,0
78,93,"(0, 0)",0.39104219721150074,0
78,100,"(0, 0)",0.48306497492573053,0
78,104,"(0, 0)",0.49740740846915066,0
78,194,"(0, 0)",0.4055923569299547,0
79,81,"(0, 0)",0.21799277510964069,0
79,90,"(0, 1)",0.33435976133500417,0
79,96,"(0, 0)",0.39056381040746846,0
79,99,"(0, 0)",0.4103146231856766,0
79,102,"(0, 0)",0.3896835895954627,0
79,107,"(0, 0)",0.49873344584056495,0
79,197,"(0, 0)",0.08238986588167792,0
79,211,"(0, 0)",0.4684369861571588,0
80,87,"(0, 0)",0.261674683528983,0
80,89,"(0, 2)",0.25612067468285066,0
80,91,"(0, 1)",0.2270872299359828,0
80,105,"(0, 0)",0.4004768407785912,0
80,210,"(0, 0)",0.27167747422265165,0
81,82,"(0, 0)",0.41294537168976575,0
81,84,"(0, 0)",0.38659737453841403,0
81,85,"(0, 0)",0.3988051780004807,0
81,90,"(0, 1)",0.46292720810080046,0
81,96,"(0, 0)",0.4973726972804219,0
81,102,"(0, 0)",0.3739446081975298,0
81,109,"(0, 0)",0.47291564786967794,0
81,197,"(0, 0)",0.22890998230746076,0
81,211,"(0, 0)",0.377102558994232,0
82,84,"(0, 0)",0.05236000381971117,0
82,85,"(0, 0)",0.06540282868500139,0
83,87,"(0, 0)",0.3462481913310247,0
83,89,"(0, 2)",0.4051740983824102,0
83,97,"(0, 0)",0.2562142267712693,0
84,85,"(0, 0)",0.021220744567519816,0
86,93,"(1, 0)",0.16486009219941627,0
86,95,"(1, 0)",0.4547752192017533,0
86,100,"(1, 0)",0.25667399556636045,0
86,101,"(1, 0)",0.431199037568497,0
86,104,"(1, 0)",0.2650111695759271,0
86,108,"(1, 0)",0.3295774870952206,0
86,110,"(1, 0)",0.3595151457171213,0
86,111,"(1, 0)",0.4803702842599633,0
86,163,"(1, 1)",1.2609602412447438,1
86,194,"(1, 0)",0.18098367329679027,0
87,89,"(0, 2)",0.06507595562109865,0
87,91,"(0, 1)",0.1576460909759496,0
87,97,"(0, 0)",0.26201717500958915,0
87,105,"(0, 0)",0.32439250916135326,0
87,210,"(0, 0)",0.3958667073649821,0
88,93,"(0, 0)",0.4066389307481495,0
88,95,"(0, 0)",0.12254750099450552,0
88,100,"(0, 0)",0.3707520600077574,0
88,101,"(0, 0)",0.20061525365734276,0
88,103,"(0, 0)",0.1971609748403579,0
88,111,"(0, 0)",0.42368358476580104,0
88,115,"(0, 0)",0.44435899900868475,0
88,119,"(0, 0)",0.48079968801986656,0
88,193,"(0, 0)",0.37391663509397455,0
88,194,"(0, 0)",0.3935572385308097,0
89,91,"(2, 1)",0.09804636658234792,1
89,97,"(2, 0)",0.2861863029566583,0
89,105,"(2, 0)",0.260021422194406,0
89,112,"(2, 1)",0.6757433388498856,1
89,123,"(2, 2)",2.783565750974817,2
89,147,"(2, 1)",0.764431200305167,1
89,164,"(2, 1)",1.2253302616029655,1
89,173,"(2, 1)",1.890120594036261,1
89,210,"(2, 0)",0.3445052829783608,0
90,92,"(1, 0)",0.2091669667992556,0
90,94,"(1, 0)",0.2777959142968104,0
90,96,"(1, 0)",0.06783568382495882,0
90,98,"(1, 0)",0.38614435124705093,0
90,99,"(1, 0)",0.09310649816205062,0
90,102,"(1, 0)",0.2684375718859021,0
90,106,"(1, 0)",0.36320348291282206,0
90,107,"(1, 0)",0.24580565493902348,0
90,109,"(1, 0)",0.4333528931483021,0
90,112,"(1, 1)",1.9393263289090912,1
90,117,"(1, 0)",0.4781966645638632,0
90,122,"(1, 0)",0.49914587046273495,0
90,123,"(1, 2)",0.5572637795514807,1
90,138,"(1, 1)",1.2288918992328053,1
90,152,"(1, 1)",0.8815648019289395,1
90,197,"(1, 0)",0.2621734158910826,0
90,211,"(1, 0)",0.41676585752674095,0
91,97,"(1, 0)",0.37325804746850577,0
91,105,"(1, 0)",0.1951448948858305,0
91,112,"(1, 1)",0.7502170419285291,1
91,147,"(1, 1)",0.7512254055874311,1
91,164,"(1, 1)",1.2199665077369937,1
91,173,"(1, 1)",1.9285110966753591,1
91,195,"(1, 0)",0.47529128963195766,0
91,210,"(1, 0)",0.24881917128710104,0
92,94,"(0, 0)",0.07084666541199865,0
92,96,"(0, 0)",0.21112958106338237,0
92,98,"(0, 0)",0.18064595207200576,0
92,99,"(0, 0)",0.22124339538164192,0
92,102,"(0, 0)",0.45638708351573376,0
92,106,"(0, 0)",0.21057286149929072,0
92,107,"(0, 0)",0.36737996679188106,0
92,113,"(0, 0)",0.4394864730569085,0
92,114,"(0, 0)",0.48246537699610775,0
92,117,"(0, 0)",0.40920030547398023,0
92,123,"(0, 2)",0.48346302857612083,0
92,197,"(0, 0)",0.4466784525808259,0
93,95,"(0, 0)",0.31530710426503844,0
93,100,"(0, 0)",0.09245090589063937,0
93,101,"(0, 0)",0.27710651381733975,0
93,103,"(0, 0)",0.3687343895000917,0
93,104,"(0, 0)",0.1653418579791554,0
93,108,"(0, 0)",0.28415321571293045,0
93,110,"(0, 0)",0.2711742060004975,0
93,111,"(0, 0)",0.320591515795409,0
93,115,"(0, 0)",0.39445803325575785,0
93,121,"(0, 0)",0.4765892361352669,0
93,194,"(0, 0)",0.01664812301732459,0
94,96,"(0, 0)",0.27211403859411576,0
94,98,"(0, 0)",0.109811702472921,0
94,99,"(0, 0)",0.27836143770285027,0
94,106,"(0, 0)",0.16654182657819297,0
94,107,"(0, 0)",0.4109538781907367,0
94,113,"(0, 0)",0.3757302356744851,0
94,114,"(0, 0)",0.41739536413333617,0
94,117,"(0, 0)",0.3876878125502569,0
94,123,"(0, 2)",0.4568426972164493,0
95,100,"(0, 0)",0.2624528148067792,0
95,101,"(0, 0)",0.07829489127651298,0
95,103,"(0, 0)",0.10805452327413671,0
95,104,"(0, 0)",0.4087407246654092,0
95,110,"(0, 0)",0.4836506590505249,0
95,111,"(0, 0)",0.30358341522554066,0
95,115,"(0, 0)",0.3312145075325098,0
95,119,"(0, 0)",0.41177325070965864,0
95,121,"(0, 0)",0.4548360693700582,0
95,193,"(0, 0)",0.44856054217908325,0
95,194,"(0, 0)",0.3002213350180212,0
96,98,"(0, 0)",0.3744186159901836,0
96,99,"(0, 0)",0.02551430971043593,0
96,102,"(0, 0)",0.24530839773639915,0
96,106,"(0, 0)",0.3260187878021816,0
96,107,"(0, 0)",0.18659158609112803,0
96,109,"(0, 0)",0.3966327898699321,0
96,117,"(0, 0)",0.4171417145287725,0
96,122,"(0, 0)",0.43259981507162376,0
96,123,"(0, 2)",0.49578886635341246,0
96,129,"(0, 0)",0.49792735413913747,0
96,197,"(0, 0)",0.3139169635429058,0
96,211,"(0, 0)",0.39468400018242644,0
97,105,"(0, 0)",0.4437211962482758,0
97,112,"(0, 1)",0.39960543039352564,0
97,116,"(0, 0)",0.469281152402264,0
97,125,"(0, 0)",0.47610054610344604,0
98,99,"(0, 0)",0.3772415671688388,0
98,106,"(0, 0)",0.15035840515249027,0
98,107,"(0, 0)",0.49283218239073395,0
98,113,"(0, 0)",0.28531617549659083,0
98,114,"(0, 0)",0.3228910032812894,0
98,117,"(0, 0)",0.3815338648141264,0
98,118,"(0, 0)",0.41762540631527617,0
98,123,"(0, 2)",0.4382299168244917,0
99,102,"(0, 0)",0.23696592582057224,0
99,106,"(0, 0)",0.31858607941967754,0
99,107,"(0, 0)",0.16374822136439524,0
99,109,"(0, 0)",0.3814435344844737,0
99,117,"(0, 0)",0.39708680411215014,0
99,122,"(0, 0)",0.4071165189475887,0
99,123,"(0, 2)",0.47535916947083157,0
99,129,"(0, 0)",0.47241639471974406,0
99,197,"(0, 0)",0.33233097959714825,0
99,211,"(0, 0)",0.38514205171599264,0
100,101,"(0, 0)",0.20778087014929555,0
100,103,"(0, 0)",0.29451156174249393,0
100,104,"(0, 0)",0.15128919326905227,0
100,108,"(0, 0)",0.2849956140013434,0
100,110,"(0, 0)",0.24352757544065218,0
100,111,"(0, 0)",0.2297779145174736,0
100,115,"(0, 0)",0.30274770023899655,0
100,121,"(0, 0)",0.39010266597397136,0
100,126,"(0, 0)",0.4324396489685038,0
100,127,"(0, 0)",0.47156929501400185,0
100,132,"(0, 0)",0.4881134806579308,0
100,134,"(0, 0)",0.4915530693628137,0
100,194,"(0, 0)",0.07747264033192795,0
101,103,"(0, 0)",0.09273020004292813,0
101,104,"(0, 0)",0.3452524438725933,0
101,108,"(0, 0)",0.4754520059900903,0
101,110,"(0, 0)",0.4125797498666166,0
101,111,"(0, 0)",0.22631062723610576,0
101,115,"(0, 0)",0.25950298649533904,0
101,119,"(0, 0)",0.37482169094117146,0
101,121,"(0, 0)",0.3819855494648979,0
101,126,"(0, 0)",0.44802502162267843,0
101,128,"(0, 0)",0.4733755908367075,0
101,132,"(0, 0)",0.48092764528564597,0
101,135,"(0, 0)",0.48876824774119826,0
101,194,"(0, 0)",0.26078930192781963,0
102,107,"(0, 0)",0.16883557089664772,0
102,109,"(0, 0)",0.17474398415968698,0
102,122,"(0, 0)",0.3984226022704965,0
102,129,"(0, 0)",0.4695462703504246,0
102,196,"(0, 0)",0.33476526104122317,0
102,197,"(0, 0)",0.3120746224863541,0
102,205,"(0, 0)",0.4781291248188117,0
102,211,"(0, 0)",0.14968223007425038,0
103,104,"(0, 0)",0.42187434148097286,0
103,110,"(0, 0)",0.4765653155654601,0
103,111,"(0, 0)",0.24664527159465768,0
103,115,"(0, 0)",0.25230657938310114,0
103,119,"(0, 0)",0.30371903134310974,0
103,121,"(0, 0)",0.3748247723937178,0
103,126,"(0, 0)",0.4462153852121238,0
103,128,"(0, 0)",0.404458180780162,0
103,132,"(0, 0)",0.4665631897181741,0
103,135,"(0, 0)",0.465012956808735,0
103,193,"(0, 0)",0.42658478641413566,0
103,194,"(0, 0)",0.3522795622797399,0
104,108,"(0, 0)",0.13380822097315523,0
104,110,"(0, 0)",0.10605517431978796,0
104,111,"(0, 0)",0.2653391226336555,0
104,115,"(0, 0)",0.33876081532550445,0
104,121,"(0, 0)",0.3813339350228319,0
104,126,"(0, 0)",0.3987876753361368,0
104,127,"(0, 0)",0.3645041837894326,0
104,132,"(0, 0)",0.46423387424874535,0
104,134,"(0, 0)",0.4314691645992802,0
104,141,"(0, 0)",0.4875623960069083,0
104,194,"(0, 0)",0.16570651767507727,0
105,142,"(0, 0)",0.48913475648332033,0
105,195,"(0, 0)",0.3018201119872642,0
105,210,"(0, 0)",0.2690822365002973,0
106,107,"(0, 0)",0.39099985933502607,0
106,113,"(0, 0)",0.25166654525383164,0
106,114,"(0, 0)",0.2978141198801639,0
106,117,"(0, 0)",0.23307016111034404,0
106,118,"(0, 0)",0.38274886022037474,0
106,122,"(0, 0)",0.4626117702782859,0
106,123,"(0, 2)",0.2954219524679903,0
106,129,"(0, 0)",0.4931365936533267,0
106,137,"(0, 0)",0.4243617442701448,0
107,109,"(0, 0)",0.24622698877255486,0
107,117,"(0, 0)",0.36757259147004623,0
107,122,"(0, 0)",0.2686607154014127,0
107,123,"(0, 2)",0.43551985029388113,0
107,129,"(0, 0)",0.3392724716212596,0
107,196,"(0, 0)",0.3681430292698645,0
107,197,"(0, 0)",0.416350045034222,0
107,211,"(0, 0)",0.2838200133887622,0
108,110,"(0, 0)",0.08868652659790446,0
108,111,"(0, 0)",0.356870018354023,0
108,115,"(0, 0)",0.4214483716898245,0
108,121,"(0, 0)",0.4277489567491667,0
108,126,"(0, 0)",0.4220819944039345,0
108,127,"(0, 0)",0.3099769346257919,0
108,132,"(0, 0)",0.49009889818281144,0
108,134,"(0, 0)",0.4257810235320549,0
108,141,"(0, 0)",0.4427524477628559,0
108,194,"(0, 0)",0.28882619341050375,0
109,122,"(0, 0)",0.34692392537846173,0
109,129,"(0, 0)",0.40846404982568807,0
109,196,"(0, 0)",0.1609534094078124,0
109,197,"(0, 0)",0.4732369913690172,0
109,205,"(0, 0)",0.30864380764888033,0
109,211,"(0, 0)",0.09879377510754207,0
110,111,"(0, 0)",0.2716097384115648,0
110,115,"(0, 0)",0.3338550134414651,0
110,121,"(0, 0)",0.34036141085616173,0
110,126,"(0, 0)",0.3392033166111423,0
110,127,"(0, 0)",0.2631679311770319,0
110,132,"(0, 0)",0.40713458462773705,0
110,134,"(0, 0)",0.352885845564822,0
110,135,"(0, 0)",0.45082064060998506,0
110,141,"(0, 0)",0.3907538995326802,0
110,194,"(0, 0)",0.2706719970739544,0
111,115,"(0, 0)",0.07583996308016398,0
111,119,"(0, 0)",0.31217559161471947,0
111,121,"(0, 0)",0.16891850105894332,0
111,126,"(0, 0)",0.2266285948418718,0
111,127,"(0, 0)",0.35930706923187405,0
111,128,"(0, 0)",0.38374086308341404,0
111,132,"(0, 0)",0.27030223824452393,0
111,134,"(0, 0)",0.3064693296237008,0
111,135,"(0, 0)",0.2904542993312397,0
111,141,"(0, 0)",0.425262013351766,0
111,194,"(0, 0)",0.30670598298696444,0
112,116,"(1, 0)",0.08226846297336458,0
112,124,"(1, 0)",0.1999122307413925,0
112,125,"(1, 0)",0.2504440256823843,0
112,131,"(1, 0)",0.26840538370159,0
112,139,"(1, 0)",0.3499701272966021,0
112,144,"(1, 0)",0.49481248973727276,0
112,147,"(1, 1)",0.7046055634182822,1
112,148,"(1, 0)",0.46858343974152517,0
112,151,"(1, 0)",0.49850496486995766,0
112,164,"(1, 1)",0.9713699243851396,1
112,173,"(1, 1)",1.3099543961527824,1
112,177,"(1, 1)",1.533258086559466,1
113,114,"(0, 0)",0.0464310241110375,0
113,117,"(0, 0)",0.31757841551339555,0
113,118,"(0, 0)",0.13515332034396768,0
113,120,"(0, 0)",0.44572460107110995,0
113,123,"(0, 2)",0.3200179057490328,0
113,136,"(0, 0)",0.38934904648656543,0
113,137,"(0, 0)",0.3010689289847068,0
113,150,"(0, 0)",0.4696049935850303,0
114,117,"(0, 0)",0.35455116697029726,0
114,118,"(0, 0)",0.09480516863547374,0
114,120,"(0, 0)",0.3996414643152056,0
114,123,"(0, 2)",0.3493639076951117,0
114,136,"(0, 0)",0.3466237729873721,0
114,137,"(0, 0)",0.30219559890905406,0
114,150,"(0, 0)",0.47105903027115575,0
115,119,"(0, 0)",0.24284237686202545,0
115,121,"(0, 0)",0.1238762285509215,0
115,126,"(0, 0)",0.19403427532268855,0
115,127,"(0, 0)",0.3723933538612092,0
115,128,"(0, 0)",0.3090910060160279,0
115,132,"(0, 0)",0.22143622106601737,0
115,134,"(0, 0)",0.28400044014050435,0
115,135,"(0, 0)",0.23169402236570583,0
115,141,"(0, 0)",0.4148420904392396,0
115,194,"(0, 0)",0.3801137987497993,0
116,124,"(0, 0)",0.1178812962263307,0
116,125,"(0, 0)",0.2122838901094505,0
116,131,"(0, 0)",0.20483097910228534,0
116,139,"(0, 0)",0.2680215849516603,0
116,140,"(0, 0)",0.48314364323666387,0
116,144,"(0, 0)",0.45352338418212124,0
116,148,"(0, 0)",0.4088538369637786,0
116,151,"(0, 0)",0.43483672797959655,0
117,118,"(0, 0)",0.39586013944320714,0
117,122,"(0, 0)",0.2897977398117604,0
117,123,"(0, 2)",0.0792015782670996,0
117,129,"(0, 0)",0.29435665441773534,0
117,137,"(0, 0)",0.27807051264022725,0
117,149,"(0, 0)",0.4439171656964865,0
117,150,"(0, 0)",0.36754496323579033,0
117,152,"(0, 1)",0.40559567305384503,0
118,120,"(0, 0)",0.3371282248640766,0
118,123,"(0, 2)",0.37177762170415013,0
118,136,"(0, 0)",0.25442189371199997,0
118,137,"(0, 0)",0.26737254907712077,0
118,138,"(0, 1)",0.4887022201709382,0
118,146,"(0, 0)",0.4153267749615952,0
118,150,"(0, 0)",0.42939283878517875,0
118,152,"(0, 1)",0.467200706335079,0
119,121,"(0, 0)",0.28019125610910983,0
119,126,"(0, 0)",0.33999652939405167,0
119,128,"(0, 0)",0.1009095139221299,0
119,132,"(0, 0)",0.3120846359563305,0
119,134,"(0, 0)",0.4249166624174651,0
119,135,"(0, 0)",0.27948255759528384,0
120,130,"(0, 0)",0.4172603623638345,0
120,133,"(0, 0)",0.30994509191145436,0
120,136,"(0, 0)",0.2114279546323046,0
120,138,"(0, 1)",0.20844303778250828,0
120,146,"(0, 0)",0.2820234919293042,0
121,126,"(0, 0)",0.07312359400357772,0
121,127,"(0, 0)",0.2870212709887495,0
121,128,"(0, 0)",0.3082058565309938,0
121,132,"(0, 0)",0.10146388520059522,0
121,134,"(0, 0)",0.1658842066020731,0
121,135,"(0, 0)",0.12552226894061655,0
121,141,"(0, 0)",0.3020264889045283,0
121,156,"(0, 0)",0.4665417559018683,0
121,194,"(0, 0)",0.46438296695723114,0
122,123,"(0, 2)",0.31295980572592097,0
122,129,"(0, 0)",0.07168856254661579,0
122,149,"(0, 0)",0.2773065091194257,0
122,150,"(0, 0)",0.49889138096383956,0
122,196,"(0, 0)",0.35006720783299833,0
122,211,"(0, 0)",0.4369443213957555,0
123,129,"(2, 0)",0.2988615231173191,0
123,137,"(2, 0)",0.20847263609404373,0
123,138,"(2, 1)",0.8217499498022486,1
123,149,"(2, 0)",0.4128987527227521,0
123,150,"(2, 0)",0.28838247172808656,0
123,152,"(2, 1)",0.3267055248997229,1
123,173,"(2, 1)",1.9534914000322685,1
123,177,"(2, 1)",1.8795004043628247,1
124,125,"(0, 0)",0.21939637645138743,0
124,131,"(0, 0)",0.16140374840752836,0
124,139,"(0, 0)",0.150140634073525,0
124,140,"(0, 0)",0.39326075319055154,0
124,144,"(0, 0)",0.4276942131944265,0
124,148,"(0, 0)",0.35068621301671005,0
124,151,"(0, 0)",0.3670972895568667,0
125,131,"(0, 0)",0.09274071382083708,0
125,139,"(0, 0)",0.30411751018315136,0
125,144,"(0, 0)",0.2446817729214839,0
125,147,"(0, 1)",0.468447019416284,0
125,148,"(0, 0)",0.23311218329379516,0
125,151,"(0, 0)",0.27023524936617727,0
126,127,"(0, 0)",0.23026569436196595,0
126,128,"(0, 0)",0.3522511745899547,0
126,132,"(0, 0)",0.06803308018898077,0
126,134,"(0, 0)",0.09288729730161988,0
126,135,"(0, 0)",0.11432383828405913,0
126,141,"(0, 0)",0.2299010656782562,0
126,156,"(0, 0)",0.4048842921131887,0
127,132,"(0, 0)",0.2808732988377531,0
127,134,"(0, 0)",0.16995605314315756,0
127,135,"(0, 0)",0.3294103975286707,0
127,141,"(0, 0)",0.13316369625389282,0
127,156,"(0, 0)",0.42858663068276165,0
128,132,"(0, 0)",0.3067726356766486,0
128,134,"(0, 0)",0.42443432943153986,0
128,135,"(0, 0)",0.26352178278085997,0
129,137,"(0, 0)",0.46871548939628965,0
129,149,"(0, 0)",0.20952672860521093,0
129,150,"(0, 0)",0.44612798612057963,0
129,152,"(0, 1)",0.4624341358507248,0
129,196,"(0, 0)",0.39041567591477844,0
130,133,"(0, 0)",0.11864893594128707,0
130,138,"(0, 1)",0.29952203591722687,0
130,146,"(0, 0)",0.48072605504590776,0
131,139,"(0, 0)",0.21492254418744206,0
131,144,"(0, 0)",0.2664512150469552,0
131,148,"(0, 0)",0.2040924545396058,0
131,151,"(0, 0)",0.23077315701788298,0
132,134,"(0, 0)",0.11766584041259004,0
132,135,"(0, 0)",0.04928001623375673,0
132,141,"(0, 0)",0.2497926339986873,0
132,156,"(0, 0)",0.36792826746527857,0
132,159,"(0, 0)",0.46496494491520735,0
133,136,"(0, 0)",0.4338734608154806,0
133,138,"(0, 1)",0.18218940693684935,0
133,146,"(0, 0)",0.36687078106603355,0
134,135,"(0, 0)",0.16345143009468785,0
134,141,"(0, 0)",0.13797177247538547,0
134,156,"(0, 0)",0.3386723490336933,0
134,159,"(0, 0)",0.44505892868248265,0
135,141,"(0, 0)",0.28971185685090156,0
135,156,"(0, 0)",0.36925764717876336,0
135,159,"(0, 0)",0.46001047814152674,0
136,137,"(0, 0)",0.37984515266092284,0
136,138,"(0, 1)",0.2602658640698023,0
136,146,"(0, 0)",0.16223184027804086,0
136,150,"(0, 0)",0.4805943091631425,0
137,146,"(0, 0)",0.4929559513790251,0
137,150,"(0, 0)",0.169041799564485,0
137,152,"(0, 1)",0.210560632597836,0
138,146,"(1, 0)",0.18800194147933555,0
138,152,"(1, 1)",0.7383806335488483,1
139,140,"(0, 0)",0.3070694546841141,0
139,144,"(0, 0)",0.44112040306474193,0
139,148,"(0, 0)",0.3275176483794463,0
139,151,"(0, 0)",0.3257736177163493,0
141,156,"(0, 0)",0.29606244273802035,0
141,159,"(0, 0)",0.4017733191738888,0
141,162,"(0, 0)",0.4964485975405765,0
142,143,"(0, 0)",0.08929216091011881,0
142,144,"(0, 0)",0.35972957898955493,0
142,145,"(0, 0)",0.051398929949954104,0
142,147,"(0, 1)",0.13107589404615935,0
142,148,"(0, 0)",0.4911529802413903,0
142,153,"(0, 0)",0.16547005771437348,0
142,154,"(0, 0)",0.20126651485032926,0
142,155,"(0, 0)",0.21155058496728593,0
142,157,"(0, 0)",0.2839521966810608,0
142,158,"(0, 0)",0.3430377384487029,0
142,195,"(0, 0)",0.4342758685444085,0
143,144,"(0, 0)",0.4460923895338221,0
143,145,"(0, 0)",0.10917600468967266,0
143,147,"(0, 1)",0.20416410066413931,0
143,153,"(0, 0)",0.13299101473407304,0
143,154,"(0, 0)",0.15465109116976575,0
143,155,"(0, 0)",0.20687334289366166,0
143,157,"(0, 0)",0.2746186446692935,0
143,158,"(0, 0)",0.34178206506485637,0
143,195,"(0, 0)",0.3909869563041769,0
144,145,"(0, 0)",0.34154862025778715,0
144,147,"(0, 1)",0.252648372248864,0
144,148,"(0, 0)",0.13490411409589728,0
144,151,"(0, 0)",0.16796725871431353,0
144,153,"(0, 0)",0.44504904224141106,0
144,154,"(0, 0)",0.48470966567626284,0
144,155,"(0, 0)",0.4135273630607829,0
144,157,"(0, 0)",0.45299830021755516,0
144,158,"(0, 0)",0.4605987407711865,0
145,147,"(0, 1)",0.09500747339024979,0
145,148,"(0, 0)",0.468604417392745,0
145,151,"(0, 0)",0.49028067471602615,0
145,153,"(0, 0)",0.13405420545435792,0
145,154,"(0, 0)",0.17380690435077345,0
145,155,"(0, 0)",0.16564570625283617,0
145,157,"(0, 0)",0.23759208741033339,0
145,158,"(0, 0)",0.2941061373042054,0
145,195,"(0, 0)",0.48095675481274275,0
147,148,"(1, 0)",0.3758332609016911,0
147,151,"(1, 0)",0.39607398298803387,0
147,153,"(1, 0)",0.19558100623526437,0
147,154,"(1, 0)",0.23638379809114937,0
147,155,"(1, 0)",0.18530774403678388,0
147,157,"(1, 0)",0.2461349629776293,0
147,158,"(1, 0)",0.28460498941515816,0
147,164,"(1, 1)",0.4717994595164331,1
147,173,"(1, 1)",1.3175226449666817,1
147,177,"(1, 1)",1.5703200183402104,1
148,151,"(0, 0)",0.04305206150697517,0
149,150,"(0, 0)",0.4144131392704633,0
149,152,"(0, 1)",0.41056258962550524,0
149,196,"(0, 0)",0.49341995298122954,0
150,152,"(0, 1)",0.042979181006626094,0
151,164,"(0, 1)",0.4783566138353267,0
152,173,"(1, 1)",1.893158981702282,1
152,177,"(1, 1)",1.779547821779457,1
153,154,"(0, 0)",0.04118118502423017,0
153,155,"(0, 0)",0.08357541504533415,0
153,157,"(0, 0)",0.1437481478141605,0
153,158,"(0, 0)",0.2126450798866527,0
153,164,"(0, 1)",0.4918575606819497,0
154,155,"(0, 0)",0.09992487177874293,0
154,157,"(0, 0)",0.14231247310057074,0
154,158,"(0, 0)",0.21171986208194649,0
154,164,"(0, 1)",0.49986219100867507,0
155,157,"(0, 0)",0.07240511031688081,0
155,158,"(0, 0)",0.13548047829853532,0
155,164,"(0, 1)",0.4083470705172238,0
156,159,"(0, 0)",0.10781043548747846,0
156,161,"(0, 0)",0.47959253538810964,0
156,162,"(0, 0)",0.3248591387047655,0
156,163,"(0, 1)",0.2715497192044175,0
157,158,"(0, 0)",0.0696736679097581,0
157,164,"(0, 1)",0.3591318003184809,0
157,199,"(0, 0)",0.4935533203211183,0
158,164,"(0, 1)",0.2928766463888839,0
158,199,"(0, 0)",0.4240613399026186,0
159,161,"(0, 0)",0.47591260752368614,0
159,162,"(0, 0)",0.2878879122158497,0
159,163,"(0, 1)",0.19844566006843764,0
160,165,"(0, 0)",0.36596398729930135,0
161,162,"(0, 0)",0.2107233731696562,0
161,163,"(0, 1)",0.33806249422259255,0
162,163,"(0, 1)",0.12734037066068737,0
164,173,"(1, 1)",0.9752797803707417,1
164,177,"(1, 1)",1.2191522669461772,1
164,199,"(1, 0)",0.19888602263608596,0
165,172,"(0, 0)",0.2927075332136146,0
166,167,"(0, 0)",0.08636897591148837,0
166,168,"(0, 0)",0.1960769746808561,0
166,169,"(0, 0)",0.13857799248076627,0
166,170,"(0, 0)",0.48228225138398495,0
166,171,"(0, 0)",0.41489296209985993,0
166,174,"(0, 0)",0.24634392624946388,0
166,175,"(0, 0)",0.29780107454473626,0
167,168,"(0, 0)",0.1110838422093846,0
167,169,"(0, 0)",0.20009442770851185,0
167,170,"(0, 0)",0.39885221573912355,0
167,171,"(0, 0)",0.4790815066353422,0
167,174,"(0, 0)",0.2001331806572842,0
167,175,"(0, 0)",0.24013704420600934,0
168,169,"(0, 0)",0.306207903229153,0
168,170,"(0, 0)",0.28796209820045304,0
168,174,"(0, 0)",0.21360189605900418,0
168,175,"(0, 0)",0.2256454298229815,0
168,177,"(0, 1)",0.43901093380462236,0
169,171,"(0, 0)",0.27957619712700565,0
169,174,"(0, 0)",0.2500784876793667,0
169,175,"(0, 0)",0.31137324869037875,0
169,178,"(0, 0)",0.37914000052751345,0
170,173,"(0, 1)",0.2601199146547583,0
170,174,"(0, 0)",0.4275317298166405,0
170,175,"(0, 0)",0.3965665770081981,0
170,177,"(0, 1)",0.2690685600362807,0
171,174,"(0, 0)",0.46547113766590326,0
171,178,"(0, 0)",0.22837410098344899,0
171,198,"(0, 0)",0.44241564167647435,0
173,176,"(1, 0)",0.2798353980467718,0
173,177,"(1, 1)",0.2528113921483752,1
173,179,"(1, 0)",0.40358494768759395,0
174,175,"(0, 0)",0.061442737569222965,0
174,177,"(0, 1)",0.4524429798328248,0
174,178,"(0, 0)",0.4397790467950886,0
175,177,"(0, 1)",0.39554016230972,0
175,178,"(0, 0)",0.4777676422697615,0
176,177,"(0, 1)",0.4557690753001932,0
176,179,"(0, 0)",0.3410712535526784,0
176,202,"(0, 0)",0.3417004682466822,0
177,179,"(1, 0)",0.3581715929551108,0
179,180,"(0, 0)",0.4895063840237411,0
179,202,"(0, 0)",0.32893088939774884,0
180,181,"(0, 0)",0.09513595534812187,0
180,182,"(0, 0)",0.16053015293084372,0
180,183,"(0, 0)",0.4783984218201388,0
180,184,"(0, 0)",0.31264196775225,0
180,185,"(0, 0)",0.4869671446822577,0
180,202,"(0, 0)",0.3611490135664232,0
181,182,"(0, 0)",0.09995458968951684,0
181,184,"(0, 0)",0.24623169982762155,0
181,202,"(0, 0)",0.38239356689149484,0
182,184,"(0, 0)",0.15271885934618432,0
182,202,"(0, 0)",0.4823413728885368,0
183,185,"(0, 0)",0.20643442057952055,0
186,187,"(0, 1)",0.18758683322664296,0
186,188,"(0, 0)",0.09161577375103158,0
186,189,"(0, 0)",0.3335458739064261,0
186,190,"(0, 0)",0.3583684137867112,0
187,188,"(1, 0)",0.152646290488835,0
187,189,"(1, 0)",0.4751253834515702,0
187,190,"(1, 0)",0.23449200412807472,0
188,189,"(0, 0)",0.32300154798390257,0
188,190,"(0, 0)",0.27253970352960205,0
191,209,"(0, 0)",0.4346998964803163,0
192,204,"(0, 0)",0.15358206275473824,0
195,210,"(0, 0)",0.37814670433577086,0
196,205,"(0, 0)",0.1788591624714929,0
196,211,"(0, 0)",0.23665453724786423,0
197,211,"(0, 0)",0.4033430797720447,0
199,203,"(0, 0)",0.493690074844529,0
200,201,"(0, 0)",0.44444708346437706,0
200,203,"(0, 0)",0.294500611204798,0
204,208,"(0, 0)",0.4622882758625839,0
204,209,"(0, 0)",0.40276083473942476,0
205,211,"(0, 0)",0.3454822860871467,0
206,210,"(0, 0)",0.4022946805514612,0
207,208,"(0, 0)",0.4475742731659159,0
207,209,"(0, 0)",0.38426835675085064,0
